{
"Profiles": [
{
  "Ansi 5 Color" : {
    "Green Component" : 0.68627450980392157,
    "Red Component" : 0.84313725490196079,
    "Blue Component" : 0.68627450980392157
  },
  "Working Directory" : "\/Users\/cyniphile",
  "Prompt Before Closing 2" : false,
  "Selected Text Color" : {
    "Green Component" : 0.81568627450980391,
    "Red Component" : 0.81568627450980391,
    "Blue Component" : 0.81568627450980391
  },
  "Rows" : 100,
  "Ansi 11 Color" : {
    "Green Component" : 0.84313725490196079,
    "Red Component" : 1,
    "Blue Component" : 0.52941176470588236
  },
  "Use Italic Font" : true,
  "HotKey Characters" : "",
  "Foreground Color" : {
    "Green Component" : 0.81568627450980391,
    "Red Component" : 0.81568627450980391,
    "Blue Component" : 0.81568627450980391
  },
  "HotKey Window Floats" : false,
  "Right Option Key Sends" : 0,
  "Character Encoding" : 4,
  "Selection Color" : {
    "Green Component" : 0.37254901960784315,
    "Red Component" : 0,
    "Blue Component" : 0.37254901960784315
  },
  "Blend" : 0.5,
  "Mouse Reporting" : true,
  "Ansi 4 Color" : {
    "Green Component" : 0.67843137254901964,
    "Red Component" : 0.52156862745098043,
    "Blue Component" : 0.83137254901960789
  },
  "Non-ASCII Anti Aliased" : true,
  "Sync Title" : false,
  "Disable Window Resizing" : true,
  "Description" : "Default",
  "Close Sessions On End" : true,
  "Jobs to Ignore" : [
    "rlogin",
    "ssh",
    "slogin",
    "telnet"
  ],
  "Scrollback Lines" : 1000,
  "HotKey Window Reopens On Activation" : false,
  "Draw Powerline Glyphs" : true,
  "Prevent Opening in a Tab" : false,
  "Flashing Bell" : false,
  "Cursor Guide Color" : {
    "Red Component" : 0.70214027166366577,
    "Color Space" : "sRGB",
    "Blue Component" : 1,
    "Alpha Component" : 0.25,
    "Green Component" : 0.92681378126144409
  },
  "BM Growl" : true,
  "Ansi 3 Color" : {
    "Green Component" : 0.68627450980392157,
    "Red Component" : 0.84705882352941175,
    "Blue Component" : 0.37254901960784315
  },
  "Use Non-ASCII Font" : false,
  "Link Color" : {
    "Red Component" : 0,
    "Color Space" : "sRGB",
    "Blue Component" : 0.73422712087631226,
    "Alpha Component" : 1,
    "Green Component" : 0.35915297269821167
  },
  "Shortcut" : "",
  "Background Image Location" : "",
  "Bold Color" : {
    "Green Component" : 0.89411764705882357,
    "Red Component" : 0.89411764705882357,
    "Blue Component" : 0.89411764705882357
  },
  "Unlimited Scrollback" : false,
  "Custom Command" : "No",
  "HotKey Key Code" : 111,
  "Keyboard Map" : {
    "0xf70f-0x40000" : {
      "Text" : "[24;5~",
      "Action" : 10
    },
    "0xf700-0x260000" : {
      "Text" : "[1;6A",
      "Action" : 10
    },
    "0x37-0x40000" : {
      "Text" : "0x1f",
      "Action" : 11
    },
    "0x32-0x40000" : {
      "Text" : "0x00",
      "Action" : 11
    },
    "0xf709-0x20000" : {
      "Text" : "[17;2~",
      "Action" : 10
    },
    "0xf70c-0x20000" : {
      "Text" : "[20;2~",
      "Action" : 10
    },
    "0xf729-0x20000" : {
      "Text" : "[1;2H",
      "Action" : 10
    },
    "0xf711-0x40000" : {
      "Text" : "[26;5~",
      "Action" : 10
    },
    "0xf72b-0x40000" : {
      "Text" : "[1;5F",
      "Action" : 10
    },
    "0xf703-0x260000" : {
      "Text" : "[1;6C",
      "Action" : 10
    },
    "0xf700-0x220000" : {
      "Text" : "[1;2A",
      "Action" : 10
    },
    "0xf705-0x20000" : {
      "Text" : "[1;2Q",
      "Action" : 10
    },
    "0xf708-0x40000" : {
      "Text" : "[15;5~",
      "Action" : 10
    },
    "0xf70b-0x40000" : {
      "Text" : "[19;5~",
      "Action" : 10
    },
    "0x38-0x40000" : {
      "Text" : "0x7f",
      "Action" : 11
    },
    "0x33-0x40000" : {
      "Text" : "0x1b",
      "Action" : 11
    },
    "0xf712-0x40000" : {
      "Text" : "[28;5~",
      "Action" : 10
    },
    "0xf704-0x40000" : {
      "Text" : "[1;5P",
      "Action" : 10
    },
    "0xf703-0x220000" : {
      "Text" : "[1;2C",
      "Action" : 10
    },
    "0xf709-0x40000" : {
      "Text" : "[17;5~",
      "Action" : 10
    },
    "0xf701-0x240000" : {
      "Text" : "[1;5B",
      "Action" : 10
    },
    "0xf70d-0x20000" : {
      "Text" : "[21;2~",
      "Action" : 10
    },
    "0xf702-0x260000" : {
      "Text" : "[1;6D",
      "Action" : 10
    },
    "0xf70c-0x40000" : {
      "Text" : "[20;5~",
      "Action" : 10
    },
    "0xf729-0x40000" : {
      "Text" : "[1;5H",
      "Action" : 10
    },
    "0xf706-0x20000" : {
      "Text" : "[1;2R",
      "Action" : 10
    },
    "0x34-0x40000" : {
      "Text" : "0x1c",
      "Action" : 11
    },
    "0xf705-0x40000" : {
      "Text" : "[1;5Q",
      "Action" : 10
    },
    "0x2d-0x40000" : {
      "Text" : "0x1f",
      "Action" : 11
    },
    "0xf70e-0x20000" : {
      "Text" : "[23;2~",
      "Action" : 10
    },
    "0xf702-0x220000" : {
      "Text" : "[1;2D",
      "Action" : 10
    },
    "0xf707-0x20000" : {
      "Text" : "[1;2S",
      "Action" : 10
    },
    "0xf700-0x240000" : {
      "Text" : "[1;5A",
      "Action" : 10
    },
    "0xf70a-0x20000" : {
      "Text" : "[18;2~",
      "Action" : 10
    },
    "0x35-0x40000" : {
      "Text" : "0x1d",
      "Action" : 11
    },
    "0xf70d-0x40000" : {
      "Text" : "[21;5~",
      "Action" : 10
    },
    "0xf70f-0x20000" : {
      "Text" : "[24;2~",
      "Action" : 10
    },
    "0xf703-0x240000" : {
      "Text" : "[1;5C",
      "Action" : 10
    },
    "0xf706-0x40000" : {
      "Text" : "[1;5R",
      "Action" : 10
    },
    "0xf701-0x260000" : {
      "Text" : "[1;6B",
      "Action" : 10
    },
    "0xf70e-0x40000" : {
      "Text" : "[23;5~",
      "Action" : 10
    },
    "0x36-0x40000" : {
      "Text" : "0x1e",
      "Action" : 11
    },
    "0xf710-0x40000" : {
      "Text" : "[25;5~",
      "Action" : 10
    },
    "0xf72b-0x20000" : {
      "Text" : "[1;2F",
      "Action" : 10
    },
    "0xf707-0x40000" : {
      "Text" : "[1;5S",
      "Action" : 10
    },
    "0xf708-0x20000" : {
      "Text" : "[15;2~",
      "Action" : 10
    },
    "0xf701-0x220000" : {
      "Text" : "[1;2B",
      "Action" : 10
    },
    "0xf70a-0x40000" : {
      "Text" : "[18;5~",
      "Action" : 10
    },
    "0xf70b-0x20000" : {
      "Text" : "[19;2~",
      "Action" : 10
    },
    "0xf702-0x240000" : {
      "Text" : "[1;5D",
      "Action" : 10
    },
    "0xf704-0x20000" : {
      "Text" : "[1;2P",
      "Action" : 10
    }
  },
  "Ansi 14 Color" : {
    "Green Component" : 0.84313725490196079,
    "Red Component" : 0.52941176470588236,
    "Blue Component" : 0.84313725490196079
  },
  "Ansi 2 Color" : {
    "Green Component" : 0.52549019607843139,
    "Red Component" : 0.37254901960784315,
    "Blue Component" : 0.37254901960784315
  },
  "Send Code When Idle" : false,
  "ASCII Anti Aliased" : true,
  "Tags" : [

  ],
  "Ansi 9 Color" : {
    "Green Component" : 0.37254901960784315,
    "Red Component" : 0.84313725490196079,
    "Blue Component" : 0.52941176470588236
  },
  "Use Bold Font" : true,
  "Silence Bell" : false,
  "Ansi 12 Color" : {
    "Green Component" : 0.83137254901960789,
    "Red Component" : 0.67843137254901964,
    "Blue Component" : 0.98431372549019602
  },
  "Mouse Reporting allow clicks and drags" : true,
  "Window Type" : 2,
  "Send New Output Alert" : false,
  "Use Bright Bold" : true,
  "Has Hotkey" : true,
  "HotKey Modifier Activation" : 0,
  "Cursor Text Color" : {
    "Green Component" : 0.22745098039215686,
    "Red Component" : 0.22745098039215686,
    "Blue Component" : 0.22745098039215686
  },
  "HotKey Window Dock Click Action" : 0,
  "Default Bookmark" : "No",
  "Cursor Color" : {
    "Green Component" : 0.81568627450980391,
    "Red Component" : 0.81568627450980391,
    "Blue Component" : 0.81568627450980391
  },
  "Ansi 1 Color" : {
    "Green Component" : 0.52941176470588236,
    "Red Component" : 0.83921568627450982,
    "Blue Component" : 0.52941176470588236
  },
  "Name" : "Hotkey Window",